{
  "view/Edit.fragment.xml": 1694087359633,
  "controller/App.controller.js": 1693897389917,
  "model/models.js": 1693897389925,
  "controller/View9.controller.js": 1693897389917,
  "controller/View8.controller.js": 1693897389917,
  "controller/View7.controller.js": 1693897389917,
  "controller/View6.controller.js": 1694436747275,
  "controller/View5.controller.js": 1694433007057,
  "controller/View4.controller.js": 1693897389917,
  "controller/View3.controller.js": 1693897389917,
  "controller/View2.controller.js": 1693897389917,
  "controller/View1.controller.js": 1693897389917,
  "controller/List.controller.js": 1694436883388,
  "controller/Integrationlist.controller.js": 1693897389917,
  "controller/Dataanalyticslist.controller.js": 1693897389917,
  "manifest.json": 1694441495166,
  "controller/AllEmployees.controller.js": 1694437628216,
  "Component.js": 1693897389917,
  "Component-preload.js": 1694441495721,
  "model/models-dbg.js": 1693897389925,
  "controller/View9-dbg.controller.js": 1693897389917,
  "controller/View8-dbg.controller.js": 1693897389917,
  "controller/View7-dbg.controller.js": 1693897389917,
  "controller/View6-dbg.controller.js": 1694436747275,
  "controller/View5-dbg.controller.js": 1694433007057,
  "controller/View4-dbg.controller.js": 1693897389917,
  "controller/View3-dbg.controller.js": 1693897389917,
  "controller/View2-dbg.controller.js": 1693897389917,
  "controller/View1-dbg.controller.js": 1693897389917,
  "controller/List-dbg.controller.js": 1694436883388,
  "controller/Integrationlist-dbg.controller.js": 1693897389917,
  "controller/Dataanalyticslist-dbg.controller.js": 1693897389917,
  "controller/App-dbg.controller.js": 1693897389917,
  "controller/AllEmployees-dbg.controller.js": 1694437628216,
  "Component-dbg.js": 1693897389917,
  "view/View9.view.xml": 1693897389925,
  "view/View8.view.xml": 1693897389925,
  "view/View7.view.xml": 1693897389925,
  "view/View6.view.xml": 1693897389925,
  "view/View5.view.xml": 1694433228546,
  "view/View4.view.xml": 1693897389925,
  "view/View3.view.xml": 1693897389925,
  "view/View2.view.xml": 1693897389925,
  "view/View1.view.xml": 1693897389925,
  "view/List.view.xml": 1694434984507,
  "view/Integrationlist.view.xml": 1693897389925,
  "i18n/i18n.properties": 1693897389917,
  "view/Dataanalyticslist.view.xml": 1693897389925,
  "view/Change.fragment.xml": 1693897389925,
  "view/App.view.xml": 1693897389925,
  "view/AllEmployees.view.xml": 1694437547431,
  "images/3.jpg": 1693897389925,
  "images/1.jpg": 1693897389917,
  "css/style.css": 1693912458164,
  "index.html": 1693897389925
}