{
  "view/View7.view.xml": 1691479359825,
  "controller/View5.controller.js": 1691727785647,
  "model/models.js": 1691001947369,
  "controller/View7.controller.js": 1691493856500,
  "controller/View6.controller.js": 1691493963684,
  "manifest.json": 1691759146846,
  "controller/View4.controller.js": 1691727595350,
  "controller/View3.controller.js": 1691727548186,
  "controller/View2.controller.js": 1691727143236,
  "controller/View1.controller.js": 1691499643970,
  "controller/App.controller.js": 1691001947373,
  "Component.js": 1691386352157,
  "Component-preload.js": 1691759147344,
  "controller/View5-dbg.controller.js": 1691727785647,
  "controller/View7-dbg.controller.js": 1691493856500,
  "controller/View6-dbg.controller.js": 1691493963684,
  "model/models-dbg.js": 1691001947369,
  "controller/View4-dbg.controller.js": 1691727595350,
  "controller/View3-dbg.controller.js": 1691727548186,
  "controller/View2-dbg.controller.js": 1691727143236,
  "controller/View1-dbg.controller.js": 1691499643970,
  "controller/App-dbg.controller.js": 1691001947373,
  "Component-dbg.js": 1691386352157,
  "i18n/i18n.properties": 1691572497144,
  "view/View6.view.xml": 1691493571075,
  "view/View5.view.xml": 1691392560731,
  "view/View4.view.xml": 1691727879503,
  "view/View3.view.xml": 1691727868391,
  "view/View2.view.xml": 1691749969219,
  "view/View1.view.xml": 1691499447538,
  "view/Edit.fragment.xml": 1691726889530,
  "view/App.view.xml": 1691001947377,
  "css/style.css": 1691001947377,
  "index.html": 1691001947365
}